{
    "stats": {
      "totalConnections": 25,
      "activeConnections": 142,
      "disabledConnections": 11
    },
    "customConnectors": [
      { "name": "LLM Connector 1", "type": "Source", "syncType": "", "status": "Active", "date": "29 July, 2023" },
      { "name": "LLM Connector 2", "type": "Source", "syncType": "", "status": "Active", "date": "29 July, 2023" },
      { "name": "LLM Connector 3", "type": "Source", "syncType": "", "status": "Active", "date": "29 July, 2023" },
      { "name": "LLM Connector 4", "type": "Source", "syncType": "", "status": "Active", "date": "29 July, 2023" },
      { "name": "LLM Connector 5", "type": "Source", "syncType": "", "status": "Active", "date": "29 July, 2023" },
      { "name": "LLM Connector 6", "type": "Source", "syncType": "", "status": "Active", "date": "29 July, 2023" },
      { "name": "LLM Connector 7", "type": "Source", "syncType": "", "status": "Active", "date": "29 July, 2023" },
      { "name": "LLM Connector 8", "type": "Source", "syncType": "", "status": "Active", "date": "29 July, 2023" },
      { "name": "LLM Connector 9", "type": "Source", "syncType": "", "status": "Active", "date": "29 July, 2023" },
      { "name": "LLM Connector 10", "type": "Source", "syncType": "", "status": "Active", "date": "29 July, 2023" },
      { "name": "LLM Connector 11", "type": "Source", "syncType": "", "status": "Active", "date": "29 July, 2023" },
      { "name": "LLM Connector 12", "type": "Source", "syncType": "", "status": "Active", "date": "29 July, 2023" },
      { "name": "LLM Connector 13", "type": "Source", "syncType": "", "status": "Active", "date": "29 July, 2023" },
      { "name": "LLM Connector 14", "type": "Source", "syncType": "", "status": "Active", "date": "29 July, 2023" },
      { "name": "LLM Connector 15", "type": "Source", "syncType": "", "status": "Active", "date": "29 July, 2023" },
      { "name": "LLM Connector 16", "type": "Source", "syncType": "", "status": "Active", "date": "29 July, 2023" },
      { "name": "LLM Connector 17", "type": "Source", "syncType": "", "status": "Active", "date": "29 July, 2023" },
      { "name": "LLM Connector 18", "type": "Source", "syncType": "", "status": "Active", "date": "29 July, 2023" },
      { "name": "LLM Connector 19", "type": "Source", "syncType": "", "status": "Active", "date": "29 July, 2023" },
      { "name": "LLM Connector 20", "type": "Source", "syncType": "", "status": "Active", "date": "29 July, 2023" },
      { "name": "LLM Connector 21", "type": "Destination", "syncType": "", "status": "Active", "date": "29 July, 2023" },
      { "name": "LLM Connector 22", "type": "Source", "syncType": "", "status": "In-active", "date": "29 July, 2023" },
      { "name": "LLM Connector 23", "type": "Destination", "syncType": "", "status": "Active", "date": "29 July, 2023" },
      { "name": "Connection 1", "type": "", "syncType": "Real-Time", "status": "Active", "date": "29 July, 2023" },
      { "name": "Connection 2", "type": "", "syncType": "Every 1 hour", "status": "Active", "date": "29 July, 2023" },
      { "name": "Connection 3", "type": "", "syncType": "Every 2 hours", "status": "In-active", "date": "29 July, 2023" },
      { "name": "Connection 4", "type": "", "syncType": "Every 24 hours", "status": "Active", "date": "29 July, 2023" }
    ]
  }
  